{
	"type": "DoubleTurret",
	"name": "Lenin",
	"description": "Death to the bourgeois.",
	"health": 2000,
	"size": 4,
	"reload": 1,
	"range": 1000,
	"ammoUseEffect": "shellEjectSmall",
	"inaccuracy": 1,
	"rotatespeed": 120,
	"ammo": {
		"copper": {
			"speed": 50.0,
			"damage": 999999,
			"bulletWidth": 20,
			"bulletHeight": 20,
			"shootEffect": "shootSmall",
			"smokeEffect": "shootSmallSmoke",
			"ammoMultiplier": 5
		}
	},
	"requirements": [
		{ "item": "copper", "amount": 1 }
	],
	"category": "turret",
	"research": "duo"
}